{
    "1": {
        "name": "Mercury",
        "N": 48.3313,
        "i": 7.0047,
        "w": 29.1241,
        "a": 0.387,
        "e": 0.2056,
        "M": 168.6562,
        "per": 0.2410109589,
        "diameter": 4879
    },
    "2": {
        "name": "Venus",
        "N": 76.6799,
        "i": 3.3946,
        "w": 54.8910,
        "a": 0.723,
        "e": 0.0067,
        "M": 48.0052,
        "per": 0.6156191781,
        "diameter": 12104
    },
    "3": {
        "name": "Earth",
        "N": -11.26064,
        "i": 0,
        "w": 282.9404,
        "a": 1,
        "e": 0.167,
        "M": 358.617,
        "per": 1,
        "diameter": 12756
    },
    "4": {
        "name": "Mars",
        "N": 49.5574,
        "i": 1.8497,
        "w": 286.5016,
        "a": 1.524,
        "e": 0.0934,
        "M": 18.6021,
        "per": 1.8821369863,
        "diameter": 6792
    },
    "5": {
        "name": "Jupiter",
        "N": 100.4542,
        "i": 1.3030,
        "w": 273.8777,
        "a": 5.20260,
        "e": 0.048498,
        "M": 19.8950,
        "per": 11.870106849,
        "diameter": 142984 
    },
    "6": {
        "name": "Saturn",
        "N": 113.6634,
        "i": 2.4886,
        "w": 339.3939,
        "a": 9.554909,
        "e": 0.05555,
        "M": 316.9670,
        "per": 29.477315068,
        "diameter": 120536
    },
    "7": {
        "name": "Uranus",
        "N": 74.0005,
        "i": 0.7733,
        "w": 96.6612,
        "a": 19.2184,
        "e": 0.046381,
        "M": 142.5905,
        "per": 84.069589041,
        "diameter": 51118
    },
    "8": {
        "name": "Neptune",
        "N": 131.7806,
        "i": 1.7700,
        "w": 272.8461,
        "a": 30.110387,
        "e": 0.009456,
        "M": 260.2471,
        "per": 164.90136986,
        "diameter": 49528 
    }
}